Inventor Quality QLT-700,449.99,HEPA H13,700,54,B081568TVM
Inventor Quality QLT-550,420.00,HEPA H13,550,54,B08155YBQH
Inventor Quality QLT-500,339.99,HEPA H13,500,54,B08155MFWG
Xiaomi AC-M6-SC Air Purifier 3H UE,175.45,HEPA,380,64,B07ZV7BDXZ
Laluztop Purificador de Aire,56.99,HEPA,128,50,B083FCQMNY
Supalak,38.99,HEPA H13,100,,B08FJ86X69
QUARED SY-702,38.99,HEPA,150,44,B08FJ8JPQ3
LEVOIT Core300,149.99,HEPA H13,187,48,B07SDRM98M
IKOHS BIOZEN,75.95,HEPA,100,50,B08B8XHH82
Philips Ac1215/10,188.99,HEPA,270,,B072DTKSVH
Aiibot EPI188,139.99,HEPA,210,50,B07WR2LS9P
Aiibot A500,249.99,HEPA,400,53,B08CX797FL
Winix Zero,199.00,HEPA,390,51,B07JDQNWLG
Winix ZERO N,149.00,HEPA,330,47,B07K4BZZWZ
Winix Zero Pro,492.69,HEPA,470,55,B07YPZLF4Z
Pro Breeze Grande,119.99,HEPA,218,61,B074FZN122
Pro Breeze Mediano,49.99,HEPA,42,55,B07DX7WP92
Pro Breeze Pequeño,29.99,HEPA,12,40,B07DTDWDDS